"z_id","address","dateSold","price","beds","baths","house_area"
"zpid_60912249","2155 NW 88th St, Gainesville, FL",2017-03-05,240000,4,2,1930
"zpid_42708376","3331 NW 41st Ave, Gainesville, FL",2017-03-01,137500,4,2,1400
"zpid_42703632","5902 NW 29th St, Gainesville, FL",2017-02-23,141500,3,2,1227
"zpid_2103972846","3800 SW 20th Ave, Gainesville, FL",2017-02-23,115500,4,4,1225
"zpid_42715056","2006 NW 35th Ter, Gainesville, FL",2017-01-24,147000,3,2,1858
"zpid_42696912","10939 NW 35th Pl, Gainesville, FL",2017-01-17,180000,3,2,1344
"zpid_42720804","5015 SW 78th Way, Gainesville, FL",2017-01-11,130000,3,2,1703
"zpid_42708601","4219 NW 30th Ter, Gainesville, FL",2017-01-05,132000,3,2,1350
"zpid_2096319056","2587 SW 115th Dr, Gainesville, FL",2016-12-29,699000,4,3,3422
"zpid_42715022","2035 NW 34th Ter, Gainesville, FL",2016-12-22,222000,3,3,2748
"zpid_42697757","11613 NW 9th Ln, Gainesville, FL",2016-12-20,140000,4,3,2356
"zpid_2098883547","2740 SW 115th Dr, Gainesville, FL",2016-12-15,645000,4,3,2814
"zpid_42697554","12205 NW 7th Ln, Newberry, FL",2016-12-15,92000,2,2,1293
"zpid_42712271","1813 NW 93rd Dr, Gainesville, FL",2016-12-15,275000,4,3,2813
"zpid_42724726","4012 SW 19th St, Gainesville, FL",2016-12-15,184900,3,2,1768
"zpid_42706896","4928 NW 36th St, Gainesville, FL",2016-12-15,94500,3,3,1272
"zpid_42702693","7545 NW 47th Way, Gainesville, FL",2016-12-15,162000,3,2,1396
"zpid_42711929","10625 NW 32nd Pl, Gainesville, FL",2016-12-15,217450,3,2,1859
"zpid_42717168","5531 W Newberry Rd, Gainesville, FL",2016-12-15,2e+05,3,2,2028
"zpid_42711885","3014 NW 75th Ter, Gainesville, FL",2016-12-15,145255,3,2,1803
"zpid_42722402","3626 SW 97th Way, Gainesville, FL",2016-12-14,335000,3,3,2368
"zpid_2098639744","5129 NW 50th Ln, Gainesville, FL",2016-12-13,380000,4,3,3280
"zpid_42708095","2612 NW 45th Pl, Gainesville, FL",2016-12-13,118000,3,2,1200
"zpid_42716147","2820 NW 5th Ct, Gainesville, FL",2016-12-13,482000,3,2.5,3588
"zpid_42710345","3526 NW 53rd Ter, Gainesville, FL",2016-12-13,148600,3,2,1353
"zpid_42713464","1117 NW 51st Ter, Gainesville, FL",2016-12-13,40000,4,2,2964
"zpid_42706278","4414 NW 69th St, Gainesville, FL",2016-12-12,215000,3,2,2161
"zpid_42722382","3623 SW 94th Way, Gainesville, FL",2016-12-12,378500,4,3,2540
"zpid_103033050","1314 NW 121st Way, Gainesville, FL",2016-12-12,332000,4,3,2458
"zpid_42696853","3621 NW 107th Ter, Gainesville, FL",2016-12-12,140000,2,2,1187
"zpid_66691160","11209 NW 31st Ln, Gainesville, FL",2016-12-12,186900,3,2,1520
"zpid_52841570","9330 SW 32nd Pl, Gainesville, FL",2016-12-12,498000,4,3,3214
"zpid_42730334","1630 NW 19th Ln, Gainesville, FL",2016-12-12,99500,3,2.5,1540
"zpid_42719611","1709 SW 76th Ter, Gainesville, FL",2016-12-12,187500,3,2,1746
"zpid_42719444","1732 SW 67th Ter, Gainesville, FL",2016-12-12,99000,3,1,1000
"zpid_103023246","2230 NW 104th Way, Gainesville, FL",2016-12-09,9e+05,5,5,4244
"zpid_42706984","3538 NW 46th Pl, Gainesville, FL",2016-12-09,165000,3,2,1392
"zpid_42723471","5802 SW 89th Ter, Gainesville, FL",2016-12-09,359000,4,3,2488
"zpid_42704127","3423 NW 67th Ave, Gainesville, FL",2016-12-09,190000,3,3,1521
"zpid_42710338","3724 NW 53rd Ter, Gainesville, FL",2016-12-09,166700,3,2,1752
"zpid_42705341","4913 NW 64th Blvd, Gainesville, FL",2016-12-09,240000,3,3,2022
"zpid_87626756","2786 NW 26th Pl, Gainesville, FL",2016-12-08,9e+05,6,5,5017
"zpid_42717829","525 NW 80th Blvd, Gainesville, FL",2016-12-08,415800,4,2.5,2845
"zpid_42731226","1104 NW 13th Ave, Gainesville, FL",2016-12-07,154000,3,2,1653
"zpid_42722265","4008 SW 97th Dr, Gainesville, FL",2016-12-07,275000,3,3,1646
"zpid_42720496","7727 SW 52nd Pl, Gainesville, FL",2016-12-07,155000,3,2,1208
"zpid_42716778","3920 SW 2nd Ave, Gainesville, FL",2016-12-07,150000,4,2,1383
"zpid_58880358","5222 SW 97th Way, Gainesville, FL",2016-12-06,97000,2,2,1058
"zpid_103020630","13954 NW 30th Ave, Gainesville, FL",2016-12-06,449000,4,4,2769
"zpid_42707497","4015 NW 34th Dr, Gainesville, FL",2016-12-06,215500,4,2,2063
"zpid_70736175","2278 NW 52nd Pl, Gainesville, FL",2016-12-06,175000,4,2,1640
"zpid_87624998","7056 SW 34th Pl, Gainesville, FL",2016-12-06,134000,5,3,3310
"zpid_42721506","9828 SW 54th Ln, Gainesville, FL",2016-12-06,268000,3,2,2140
"zpid_66702934","4940 NW 21st St, Gainesville, FL",2016-12-06,175900,3,2,1448
"zpid_42726549","7423 NW 21st Ct, Gainesville, FL",2016-12-06,163000,3,2.5,2046
"zpid_59744898","822 SW 85th Way, Gainesville, FL",2016-12-06,250000,3,2,1944
"zpid_42724877","2930 SW 40th Ave, Gainesville, FL",2016-12-06,107000,3,2,1334
"zpid_42715782","401 NW 26th St, Gainesville, FL",2016-12-06,246000,3,2,1738
"zpid_42713621","4400 NW 17th Pl, Gainesville, FL",2016-12-06,225000,5,3,2398
"zpid_42710147","3528 NW 29th Pl, Gainesville, FL",2016-12-06,290000,5,3,2576
"zpid_42708695","3223 NW 52nd Pl, Gainesville, FL",2016-12-05,161000,3,2,1268
"zpid_42730832","1633 NW 10th Ave, Gainesville, FL",2016-12-05,219880,3,2,3144
"zpid_42715844","2626 NW 2nd Ave, Gainesville, FL",2016-12-02,265000,4,2,2288
"zpid_42708465","3007 NW 43rd Ave, Gainesville, FL",2016-12-02,133900,3,2,1350
"zpid_50124827","11909 NW 10th Rd, Gainesville, FL",2016-12-02,254900,4,2,1938
"zpid_42703806","6130 NW 30th Ter, Gainesville, FL",2016-12-02,124900,2,2,1242
"zpid_97306694","2030 NW 76th Pl, Gainesville, FL",2016-12-02,95500,3,2,1051
"zpid_42716736","215 SW 40th Ter, Gainesville, FL",2016-12-02,150000,3,2,1767
"zpid_70737541","1257 SW 9th Rd APT 212, Gainesville, FL",2016-12-02,262500,3,3,1326
"zpid_42722363","9702 SW 35th Ln, Gainesville, FL",2016-12-02,365000,4,2,2407
"zpid_42701973","8620 NW 13th St LOT 8, Gainesville, FL",2016-12-02,80000,2,2,1312
"zpid_42731352","1015 NW 8th St, Gainesville, FL",2016-12-02,157500,4,2,1645
"zpid_42708839","4620 NW 30th St, Gainesville, FL",2016-12-02,145000,4,2,1789
"zpid_42707533","4026 NW 34th Dr, Gainesville, FL",2016-12-02,195000,3,2,1821
"zpid_70607459","4910 NW 20th Dr, Gainesville, FL",2016-12-01,205000,4,3,2270
"zpid_42708019","4125 NW 23rd Dr, Gainesville, FL",2016-12-01,179900,3,2,1571
"zpid_42702351","8620 NW 13th St LOT 385, Gainesville, FL",2016-12-01,80000,2,2,864
"zpid_42709770","3840 NW 33rd Pl, Gainesville, FL",2016-12-01,237000,4,2,1800
"zpid_42731431","229 NW 15th Ave, Gainesville, FL",2016-12-01,92000,4,3,1837
"zpid_42707926","2616 NW 48th Pl, Gainesville, FL",2016-12-01,129900,3,2,1240
"zpid_42716063","2912 W University Ave, Gainesville, FL",2016-12-01,110800,3,2,2181
"zpid_102963307","2033 NW 76th Pl, Gainesville, FL",2016-12-01,120500,3,2,1250
"zpid_42714906","3721 NW 21st Pl, Gainesville, FL",2016-12-01,170000,3,2,1647
"zpid_42715501","1416 NW 25th Ter, Gainesville, FL",2016-12-01,102383,4,2,1948
"zpid_42712181","2320 NW 106th Dr, Gainesville, FL",2016-12-01,260000,3,2,1793
"zpid_42713348","2121 NW 54th Ter, Gainesville, FL",2016-11-30,149500,3,2,1801
"zpid_42715296","2941 NW 21st Ave, Gainesville, FL",2016-11-30,3e+05,4,3,2928
"zpid_42721802","4423 SW 102nd Dr, Gainesville, FL",2016-11-30,284900,3,2,2454
"zpid_42721555","9910 SW 56th Ln, Gainesville, FL",2016-11-30,230000,4,2,1756
"zpid_42704391","6133 NW 35th Ter, Gainesville, FL",2016-11-30,229000,4,2,2240
"zpid_42721087","4612 SW 85th Dr, Gainesville, FL",2016-11-30,167000,2,2,1196
"zpid_42705818","9414 NW 59th Ln, Gainesville, FL",2016-11-29,310000,4,2,2289
"zpid_42720569","7711 SW 56th Ave, Gainesville, FL",2016-11-29,150000,3,2,1196
"zpid_42721567","10026 SW 55th Ln, Gainesville, FL",2016-11-29,3e+05,4,2,2183
"zpid_42722328","3708 SW 96th St, Gainesville, FL",2016-11-29,431000,5,3.5,2556
"zpid_42721716","4866 SW 95th Ter, Gainesville, FL",2016-11-28,480000,4,4,3403
"zpid_42705768","9703 NW 62nd Ln, Gainesville, FL",2016-11-28,282500,3,2,2510
"zpid_42722070","4711 SW 97th Ter, Gainesville, FL",2016-11-28,655000,4,4,4002
"zpid_58881360","1717 NW 23rd Ave, Gainesville, FL",2016-11-28,165000,3,3,1852
"zpid_42713330","2241 NW 51st Ter, Gainesville, FL",2016-11-28,195000,3,2,1700
"zpid_42722003","9318 SW 43rd Ln, Gainesville, FL",2016-11-28,384000,4,3,2862
"zpid_42709255","3232 NW 31st St, Gainesville, FL",2016-11-28,128100,4,4,2241
"zpid_42719081","7218 SW 22nd Pl, Gainesville, FL",2016-11-23,157000,3,2,1660
"zpid_42727276","4006 NW 21st Dr, Gainesville, FL",2016-11-23,161000,3,2,1472
"zpid_42705456","6820 NW 57th Way, Gainesville, FL",2016-11-23,189900,7,6,3800
"zpid_42715706","16 SW 25th St, Gainesville, FL",2016-11-23,255000,6,4,1764
"zpid_42716713","16 SW 40th St, Gainesville, FL",2016-11-23,195000,3,2.5,2099
"zpid_2100706098","8620 NW 13th St LOT 343, Gainesville, FL",2016-11-22,38000,2,2,1324
"zpid_66691407","2107 NW 86th Ter, Gainesville, FL",2016-11-22,192000,3,2,1602
"zpid_42725033","2861 SW 39th Ave, Gainesville, FL",2016-11-22,59000,2,1,820
"zpid_70737095","6519 W Newberry Rd APT 802, Gainesville, FL",2016-11-22,55000,2,2,1003
"zpid_42729885","3609 NW 21st Dr, Gainesville, FL",2016-11-22,122000,3,2,1070
"zpid_58882366","2822 NW 39th Ter, Gainesville, FL",2016-11-22,122000,2,2,1050
"zpid_82053989","13479 NW 7th Rd, Newberry, FL",2016-11-22,405000,4,3,2677
"zpid_42721841","10305 SW 49th Ln, Gainesville, FL",2016-11-21,280000,3,2,1996
"zpid_42720747","8123 SW 51st Blvd, Gainesville, FL",2016-11-21,239500,4,2,2046
"zpid_42722114","9121 SW 49th Pl, Gainesville, FL",2016-11-21,319900,4,4,2761
"zpid_42729597","2010 NW 34th Ave, Gainesville, FL",2016-11-21,59200,2,1,720
"zpid_42710944","4623 NW 30th Ave, Gainesville, FL",2016-11-21,167000,3,2,1386
"zpid_42729483","1936 NW 31st Ave, Gainesville, FL",2016-11-21,22000,3,1,980
"zpid_42717643","737 NW 84th St, Gainesville, FL",2016-11-21,205000,4,3,3043
"zpid_42705079","3932 NW 65th Ave, Gainesville, FL",2016-11-21,198570,4,2,1821
"zpid_42707530","3946 NW 34th Dr, Gainesville, FL",2016-11-21,189900,3,2,1552
"zpid_42711152","4928 NW 30th Pl, Gainesville, FL",2016-11-21,124000,3,2,1288
"zpid_58882524","3910 NW 25th Cir, Gainesville, FL",2016-11-21,175000,2,2,1185
"zpid_66690143","9472 SW 31st Ln, Gainesville, FL",2016-11-21,248000,3,2,1846
"zpid_42712196","10135 NW 25th Pl, Gainesville, FL",2016-11-21,225000,3,3,2331
"zpid_42711990","10534 NW 36th Pl, Gainesville, FL",2016-11-18,156000,2,2,1571
"zpid_42697591","1016 NW 107th Ter, Gainesville, FL",2016-11-18,248000,4,2,2021
"zpid_42706879","4909 NW 36th Dr, Gainesville, FL",2016-11-18,166000,4,2,2000
"zpid_42698161","324 NW 122nd St, Gainesville, FL",2016-11-17,157000,4,2,1848
"zpid_42697059","11133 NW 37th Ln, Gainesville, FL",2016-11-17,225000,4,2,1869
"zpid_42716785","3806 SW 2nd Ave, Gainesville, FL",2016-11-17,218000,4,2.5,2471
"zpid_42713084","1220 NW 55th St, Gainesville, FL",2016-11-17,91000,3,1,1160
"zpid_42729227","720 NW 31st Ave, Gainesville, FL",2016-11-17,137000,3,2,1740
"zpid_42707538","4442 NW 23rd Dr, Gainesville, FL",2016-11-17,2e+05,3,2,1932
"zpid_42727031","4421 NW 20th St, Gainesville, FL",2016-11-17,115000,3,2,1330
"zpid_42736914","1111 SW 19th Pl, Gainesville, FL",2016-11-17,149700,2,2,1232
"zpid_42720985","5232 SW 86th Ter, Gainesville, FL",2016-11-17,112500,2,2,1212
"zpid_42712845","1060 NW 89th Dr, Gainesville, FL",2016-11-16,155000,4,2,2112
"zpid_42705108","5211 NW 55th Ln, Gainesville, FL",2016-11-16,126000,3,2,1308
"zpid_66689994","11565 NW 18th Pl, Gainesville, FL",2016-11-16,184050,3,2,1816
"zpid_66675927","7835 NW 4th Ct, Gainesville, FL",2016-11-16,257000,4,3,2110
"zpid_42707621","2403 NW 49th Ave, Gainesville, FL",2016-11-16,162000,3,2,1611
"zpid_42705913","4226 NW 77th Ter, Gainesville, FL",2016-11-16,222000,4,2,2168
"zpid_42702255","8620 NW 13th St LOT 136, Gainesville, FL",2016-11-15,106000,2,2,1152
"zpid_42704158","5518 NW 34th St, Gainesville, FL",2016-11-15,178500,3,3,1479
"zpid_42715334","1920 NW 31st Ter, Gainesville, FL",2016-11-15,578000,5,3,4046
"zpid_42716327","538 NW 35th St, Gainesville, FL",2016-11-15,101500,2,1,1032
"zpid_42714285","1601 NW 39th Dr, Gainesville, FL",2016-11-15,160750,3,2,1552
"zpid_42717574","620 SW 86th Ter, Gainesville, FL",2016-11-15,260000,3,2,2119
"zpid_42716789","3841 SW 2nd Ave, Gainesville, FL",2016-11-14,228000,4,2,2368
"zpid_42718730","7727 SW 11th Ave, Gainesville, FL",2016-11-14,146000,3,2,1300
"zpid_42729176","934 NW 34th Ave, Gainesville, FL",2016-11-14,119000,3,2,1422
"zpid_42714182","3927 NW 18th Pl, Gainesville, FL",2016-11-14,90000,3,2,1358
"zpid_42710899","4627 NW 32nd Ave, Gainesville, FL",2016-11-14,175000,3,2,1392
"zpid_70606326","5128 NW 80th Rd, Gainesville, FL",2016-11-14,140000,2,2,1207
"zpid_42708048","3910 NW 23rd Ter, Gainesville, FL",2016-11-14,188500,3,2,1457
"zpid_42731238","1104 NW 12th Ave, Gainesville, FL",2016-11-14,103000,3,1,1122
"zpid_42727524","1938 NW 40th Pl, Gainesville, FL",2016-11-10,76500,3,2,1202
"zpid_42705671","6424 NW 85th Ter, Gainesville, FL",2016-11-10,440000,4,2.5,2665
"zpid_42697849","1728 NW 117th Ter, Gainesville, FL",2016-11-09,235000,3,2,1846
"zpid_42720519","5409 SW 79th Ter, Gainesville, FL",2016-11-09,140500,3,2,1158
"zpid_42709019","2521 NW 28th Pl, Gainesville, FL",2016-11-09,250500,4,2.5,2272
"zpid_42724931","4031 SW 28th Ter, Gainesville, FL",2016-11-09,122500,2,2,1400
"zpid_42697657","10912 NW 14th Ave, Gainesville, FL",2016-11-09,535000,5,5,5372
"zpid_42729069","619 NW 34th Pl, Gainesville, FL",2016-11-09,60000,3,1,1082
"zpid_54478311","5840 SW 85th St, Gainesville, FL",2016-11-09,192900,3,2,1532
"zpid_42719209","2049 SW 72nd St, Gainesville, FL",2016-11-09,130000,3,2,1158
"zpid_42711742","3549 NW 87th Ter, Gainesville, FL",2016-11-09,130000,3,2,1360
"zpid_2096391008","1165 136th, Newberry, FL",2016-11-08,394425,4,4,2793
"zpid_118487683","10068 NW 16th Rd, Gainesville, FL",2016-11-08,270000,4,3,1873
"zpid_42714688","801 NW 37th Ter, Gainesville, FL",2016-11-08,924000,2,2,2498
"zpid_42717750","8223 SW 1st Pl, Gainesville, FL",2016-11-08,290000,4,2,2605
"zpid_42706324","4328 NW 70th Ter, Gainesville, FL",2016-11-08,209900,3,2,1824
"zpid_103023662","4915 NW 81st Ave, Gainesville, FL",2016-11-07,187000,3,2,1556
"zpid_42714615","1114 NW 34th St, Gainesville, FL",2016-11-07,99000,3,2,1653
"zpid_42730021","2139 NW 29th Pl, Gainesville, FL",2016-11-07,155000,3,3,1728
"zpid_42727327","3901 NW 21st Ter, Gainesville, FL",2016-11-04,35000,3,2,1274
"zpid_42722286","3935 SW 95th Ter, Gainesville, FL",2017-04-17,462000,5,4,3706
"zpid_66691255","7971 NW 47th Way, Gainesville, FL",2017-04-14,165000,3,2,1545
"zpid_66691495","2120 NW 50th Pl, Gainesville, FL",2017-04-14,190000,3,2,1405
"zpid_42713303","1123 NW 58th Ter, Gainesville, FL",2017-04-14,334000,4,3,2531
"zpid_66691412","1958 NW 85th Ter, Gainesville, FL",2017-04-13,199000,3,2,1602
"zpid_66695769","3901 SW 20th Ave APT 405, Gainesville, FL",2017-04-13,96100,2,3,1176
"zpid_42701974","8620 NW 13th St LOT 9, Gainesville, FL",2017-04-13,129900,2,2,1056
"zpid_42713748","4321 NW 13th Ave, Gainesville, FL",2017-04-12,160000,4,2,2103
"zpid_42708329","3919 NW 32nd St, Gainesville, FL",2017-04-11,125000,3,2,1460
"zpid_42722166","10242 SW 52nd Ave, Gainesville, FL",2017-04-10,280000,3,3,2238
"zpid_42727178","4221 NW 22nd Ter, Gainesville, FL",2017-04-10,90000,3,2,1040
"zpid_42708185","5004 NW 27th Dr, Gainesville, FL",2017-04-07,168000,3,2,1264
"zpid_42697753","11625 NW 9th Ln, Gainesville, FL",2017-04-07,245000,4,2,2888
"zpid_42728949","210 NW 33rd Ave, Gainesville, FL",2017-04-06,110000,3,2,1133
"zpid_42712227","2602 NW 104th Ct, Gainesville, FL",2017-04-05,180000,3,2,1270
"zpid_42714434","4004 NW 14th Pl, Gainesville, FL",2017-04-05,124500,3,2,1342
"zpid_42710690","5119 NW 33rd Pl, Gainesville, FL",2017-04-05,78000,2,1,818
"zpid_42716403","610 NW 36th Ter, Gainesville, FL",2017-04-05,175000,4,3,2032
"zpid_42715491","3121 NW 10th Pl, Gainesville, FL",2017-04-05,288500,3,2,2200
"zpid_103019327","10304 SW 39th Pl, Gainesville, FL",2017-04-05,675000,4,3,3013
"zpid_42735959","720 NW 3rd St, Gainesville, FL",2017-04-05,38000,2,1,968
"zpid_42702807","5015 NW 71st Pl, Gainesville, FL",2017-04-05,339900,5,3,2864
"zpid_42729679","1639 NW 35th Pl, Gainesville, FL",2017-04-04,140000,3,2,1720
"zpid_66689889","9261 SW 30th Ln, Gainesville, FL",2017-04-04,548000,5,4,3062
"zpid_103027682","4016 SW 106th St, Gainesville, FL",2017-04-04,640000,4,3,2996
"zpid_42721900","9919 SW 42nd Rd, Gainesville, FL",2017-04-04,226000,5,2,1917
"zpid_42709328","3315 NW 29th Ter, Gainesville, FL",2017-04-04,260000,3,2,1917
"zpid_70606324","5148 NW 80th Rd, Gainesville, FL",2017-04-04,175000,3,2,1545
"zpid_42702848","6904 NW 50th Ter, Gainesville, FL",2017-04-04,287500,3,2,2092
"zpid_42709541","2905 NW 31st Ter, Gainesville, FL",2017-04-04,108500,4,2,1901
"zpid_42706115","6126 NW 44th Pl, Gainesville, FL",2017-04-04,76400,3,2,1208
"zpid_42736862","2522 SW 9th Dr, Gainesville, FL",2017-04-04,278200,4,3,3658
"zpid_87628252","14155 NW 30th Ave, Gainesville, FL",2017-04-04,237600,4,3,2413
"zpid_42697733","936 NW 120th St, Gainesville, FL",2017-04-03,195300,3,2,1652
"zpid_42703525","2819 NW 55th Blvd, Gainesville, FL",2017-04-03,135500,3,2,1302
"zpid_42726807","5306 NW 20th Ct, Gainesville, FL",2017-04-03,80000,3,1,995
"zpid_70737414","511 NW 14th Ave, Gainesville, FL",2017-04-03,125000,3,1,940
"zpid_42718974","7712 SW 22nd Ave, Gainesville, FL",2017-04-03,247000,3,3,1896
"zpid_66690669","8451 NW 62nd Ln, Gainesville, FL",2017-04-03,780000,4,4,4364
"zpid_42730463","1606 NW 22nd St, Gainesville, FL",2017-04-03,264000,5,3,3100
"zpid_42716758","3848 SW 1st Ave, Gainesville, FL",2017-04-03,177500,4,2,1632
"zpid_82053387","13508 NW 5th Ln, Newberry, FL",2017-03-31,347000,4,3,2487
"zpid_50124831","5522 NW 51st Ave, Gainesville, FL",2017-03-31,459500,4,3,3012
"zpid_54584390","2730 SW 98th Dr, Gainesville, FL",2017-03-31,275000,4,2,2599
"zpid_42716138","122 NW 28th Ter, Gainesville, FL",2017-03-31,2e+05,4,3,1624
"zpid_42728844","911 NW 33rd Ave, Gainesville, FL",2017-03-31,160000,3,1.5,1454
"zpid_42708101","2704 NW 45th Pl, Gainesville, FL",2017-03-30,134000,2,2,1461
"zpid_42720281","3244 SW 75th St, Gainesville, FL",2017-03-30,139000,3,2,1424
"zpid_42709998","3551 NW 23rd Pl, Gainesville, FL",2017-03-30,287000,4,4,2541
"zpid_87627714","9818 NW 18th Rd, Gainesville, FL",2017-03-29,325000,5,3,2665
"zpid_42710567","3416 NW 44th Dr, Gainesville, FL",2017-03-29,227000,4,2,2049
"zpid_42703018","6605 NW 32nd St, Gainesville, FL",2017-03-29,97000,3,2,1361
"zpid_48188647","1012 NW 87th Way, Gainesville, FL",2017-03-29,187000,3,2,1720
"zpid_54478075","1013 NW 87th Ter, Gainesville, FL",2017-03-29,198500,3,2,1647
"zpid_42712629","10233 NW 13th Ln, Gainesville, FL",2017-03-29,302000,4,3,2235
"zpid_42722023","4503 SW 94th Dr, Gainesville, FL",2017-03-29,6e+05,4,4,3298
"zpid_42702785","7222 NW 52nd Ter, Gainesville, FL",2017-03-29,150000,2,3,1348
"zpid_66691486","2181 NW 52nd Pl, Gainesville, FL",2017-03-28,178000,3,2,1440
"zpid_42710635","4726 NW 33rd Pl, Gainesville, FL",2017-03-28,195000,3,2,1806
"zpid_42715525","2549 NW 12th Ave, Gainesville, FL",2017-03-28,161000,4,2,1612
"zpid_42706107","6201 NW 44th Pl, Gainesville, FL",2017-03-28,166000,3,2,1295
"zpid_42704229","3444 NW 54th Ln, Gainesville, FL",2017-03-28,164000,3,2,1583
"zpid_42711282","2413 NW 54th Ter, Gainesville, FL",2017-03-24,150000,3,2,1422
"zpid_42712206","2509 NW 104th Ct, Gainesville, FL",2017-03-24,159000,2,2,1846
"zpid_42708640","5117 NW 28th Ter, Gainesville, FL",2017-03-24,157000,3,2,1105
"zpid_42727529","1939 NW 40th Pl, Gainesville, FL",2017-03-24,149900,3,2,1202
"zpid_42707440","4158 NW 36th St, Gainesville, FL",2017-03-24,155000,3,2,1426
"zpid_42717558","420 SW 83rd Ter, Gainesville, FL",2017-03-24,263000,4,3,2108
"zpid_82054062","14205 NW 10th Rd, Newberry, FL",2017-03-24,249900,3,2,1817
"zpid_42720563","5601 SW 75th Ter, Gainesville, FL",2017-03-24,143000,3,2,1360
"zpid_42731400","229 NW 16th Ave, Gainesville, FL",2017-03-24,90000,3,2,1597
"zpid_42709942","3711 NW 38th St, Gainesville, FL",2017-03-24,237500,3,2,1920
"zpid_42717977","10200 NW 6th Pl, Gainesville, FL",2017-03-24,245000,3,3,2367
"zpid_42708731","4927 NW 30th Ter, Gainesville, FL",2017-03-24,437500,3,2,1118
"zpid_42705963","4403 NW 77th Ter, Gainesville, FL",2017-03-23,315000,4,3,2532
"zpid_103027553","2460 SW 77th St, Gainesville, FL",2017-03-23,280000,3,2,1882
"zpid_103018779","8126 NW 53rd Ter, Gainesville, FL",2017-03-23,220000,4,2,1897
"zpid_42730737","923 NW 21st Ter, Gainesville, FL",2017-03-23,299428,3,3,2345
"zpid_42714898","2016 NW 36th Dr, Gainesville, FL",2017-03-23,75000,3,2,1326
"zpid_42714336","1021 NW 40th Dr, Gainesville, FL",2017-03-22,165500,3,1.5,1718
"zpid_42716861","318 SW 40th Ter, Gainesville, FL",2017-03-22,165000,3,2,1637
"zpid_42728924","3400 NW 3rd St, Gainesville, FL",2017-03-22,525000,3,2,1259
"zpid_42719233","2027 SW 73rd St, Gainesville, FL",2017-03-22,112000,3,2,1170
"zpid_42704927","6011 NW 41st Dr, Gainesville, FL",2017-03-22,209000,3,2,1420
"zpid_54478081","5341 NW 15th Pl, Gainesville, FL",2017-03-22,222500,4,2,1646
"zpid_42714329","1115 NW 40th Dr, Gainesville, FL",2017-03-22,175500,4,2,1620
"zpid_42726508","7304 NW 21st Way, Gainesville, FL",2017-03-21,135000,3,2,1206
"zpid_42703348","6715 NW 28th Ter, Gainesville, FL",2017-03-21,100619,3,2,1234
"zpid_60912260","819 SW 86th Way, Gainesville, FL",2017-03-21,340000,4,3,2530
"zpid_103012038","14133 NW 9th Rd, Newberry, FL",2017-03-20,210000,3,2,1944
"zpid_42721624","10424 SW 55th Pl, Gainesville, FL",2017-03-20,227600,3,2,1756
"zpid_58881701","1658 SW 16th St, Gainesville, FL",2017-03-20,109900,2,2,1120
"zpid_42704303","3653 NW 60th Ln, Gainesville, FL",2017-03-20,207000,3,2,1541
"zpid_42706125","4343 NW 61st Ter, Gainesville, FL",2017-03-20,174900,3,3,1415
"zpid_42706861","4918 NW 36th Dr, Gainesville, FL",2017-03-20,179900,4,2,1620
"zpid_42718084","518 NW 98th St, Gainesville, FL",2017-03-20,168500,3,2,1456
"zpid_2095801705","3653 NW 60th Ln, Gainesville, FL",2017-03-17,207000,3,2,1541
"zpid_42725015","2958 SW 39th Ave, Gainesville, FL",2017-03-17,97000,2,2,1369
"zpid_42706807","3527 NW 46th Pl, Gainesville, FL",2017-03-17,189900,3,2,1650
"zpid_66690134","9405 SW 31st Ln, Gainesville, FL",2017-03-17,245000,3,3,2235
"zpid_42696924","3531 NW 110th Ter, Gainesville, FL",2017-03-17,178000,3,2,1496
"zpid_42712677","7714 NW 22nd Ln, Gainesville, FL",2017-03-17,399000,4,4,2892
"zpid_42718299","1121 SW 98th St, Gainesville, FL",2017-03-17,179200,3,3,2424
"zpid_103025214","13549 NW 9th Rd, Newberry, FL",2017-03-17,449900,4,3,2500
"zpid_58880645","4000 SW 23rd St # 2-306, Gainesville, FL",2017-03-17,120000,4,4,1177
"zpid_89740022","5168 NW 21st Dr, Gainesville, FL",2017-03-17,170000,3,3,1347
"zpid_58879826","5155 SW 9th Ln, Gainesville, FL",2017-03-17,120000,2,2,1420
"zpid_42697547","12333 NW 7th Ln, Newberry, FL",2017-03-17,167500,3,2,1515
"zpid_42715263","2005 NW 24th St, Gainesville, FL",2017-03-17,8e+05,5,4,3219
"zpid_42704194","5350 NW 35th Dr, Gainesville, FL",2017-03-17,219000,3,3,1704
"zpid_54477993","3207 NW 25th Ter, Gainesville, FL",2017-03-17,125000,2,2,1279
"zpid_42707891","4332 NW 26th Ter, Gainesville, FL",2017-03-16,174000,3,3.5,1772
"zpid_42718463","9417 SW 19th Ave, Gainesville, FL",2017-03-16,209000,3,2,1680
"zpid_66694404","2636 SW 35th Pl UNIT 1, Gainesville, FL",2017-03-16,108500,2,3,1141
"zpid_42702667","4819 NW 77th Rd, Gainesville, FL",2017-03-16,140000,3,2,1380
"zpid_42721079","4717 SW 85th Dr, Gainesville, FL",2017-03-16,155000,2,2,1275
"zpid_42712018","3422 NW 104th Way, Gainesville, FL",2017-03-15,607000,2,2,1131
"zpid_42718965","2115 SW 76th Ter, Gainesville, FL",2017-03-15,426000,4,2,2350
"zpid_42715021","2007 NW 34th Ter, Gainesville, FL",2017-03-15,224000,4,3,2269
"zpid_66686011","1320 SW 104th St, Gainesville, FL",2017-03-15,316500,4,3,2189
"zpid_42709502","3237 NW 25th Ave, Gainesville, FL",2017-03-15,181500,3,2,2572
"zpid_2094962816","3318 114th Way, Gainesville, FL",2017-03-14,489500,4,4,3068
"zpid_42703078","5427 NW 31st Ter, Gainesville, FL",2017-03-14,165000,3,2,1627
"zpid_42729659","1631 NW 39th Ave, Gainesville, FL",2017-03-14,130000,3,2,1430
"zpid_66675957","9102 SW 49th Pl, Gainesville, FL",2017-03-14,220000,2,3,1512
"zpid_42706447","4145 NW 67th Ter, Gainesville, FL",2017-03-14,229000,3,2,2116
"zpid_42708276","2416 NW 47th Ln, Gainesville, FL",2017-03-14,135443,2,2,1322
"zpid_42715085","1920 NW 23rd St, Gainesville, FL",2017-03-13,272000,4,2,3417
"zpid_42736841","530 SW 21st Ave, Gainesville, FL",2017-03-13,292000,3,2,3000
"zpid_42705496","5704 NW 54th Way, Gainesville, FL",2017-03-13,250000,4,2,2272
"zpid_42703511","5610 NW 30th Ter, Gainesville, FL",2017-03-13,145500,3,2,1365
"zpid_42717916","7706 SW 6th Pl, Gainesville, FL",2017-03-13,152000,4,3,1835
"zpid_42713946","1206 NW 39th Dr, Gainesville, FL",2017-03-13,179900,3,2,1430
"zpid_66702780","3901 SW 20th Ave APT 801, Gainesville, FL",2017-03-13,98000,2,2,1175
"zpid_42727351","3907 NW 20th Dr, Gainesville, FL",2017-03-12,149000,3,2,1329
"zpid_42727158","4216 NW 22nd Ter, Gainesville, FL",2017-03-10,124000,3,1,1040
"zpid_58882284","2540 NW 31st Ave, Gainesville, FL",2017-03-10,264000,3,3,2430
"zpid_42702710","7211 NW 52nd Ter, Gainesville, FL",2017-03-09,189000,3,2,1814
"zpid_42727312","1610 NW 42nd Ave, Gainesville, FL",2017-03-09,144900,3,2,1276
"zpid_42718181","9614 SW 1st Pl, Gainesville, FL",2017-03-09,335000,3,2,2178
"zpid_103026261","542 SW 42nd St, Gainesville, FL",2017-03-08,4e+05,4,3,2495
"zpid_42722452","3314 SW 94th Dr, Gainesville, FL",2017-03-08,373000,4,3,2333
"zpid_87621870","921 SW Depot Ave, Gainesville, FL",2017-03-08,261500,4,4,1444
"zpid_42697858","1705 NW 113th Dr, Gainesville, FL",2017-03-08,309000,4,3,2539
"zpid_42709489","3305 NW 24th Ave, Gainesville, FL",2017-03-08,123700,4,2,2040
"zpid_42717855","8019 NW 1st Pl, Gainesville, FL",2017-03-08,185000,3,2,2408
"zpid_42706815","3528 NW 52nd Ave, Gainesville, FL",2017-03-07,167514,3,2,1441
"zpid_42722202","5103 SW 103rd Way, Gainesville, FL",2017-03-07,187500,2,2,1248
"zpid_42710924","4607 NW 31st Ave, Gainesville, FL",2017-03-06,178400,3,2,1580
"zpid_42722613","6925 SW 44th Ave, Gainesville, FL",2017-03-06,67000,2,2.5,1124
"zpid_81779118","3705 SW 27th St APT 317, Gainesville, FL",2017-03-06,110000,3,3,1198
"zpid_42714872","2210 NW 36th Ter, Gainesville, FL",2017-03-06,180000,4,2,1906
"zpid_97863278","6350 NW 41st Ave, Gainesville, FL",2017-03-03,453000,4,4,2797
"zpid_42721548","9939 SW 56th Ln, Gainesville, FL",2017-03-03,3e+05,4,3,2668
"zpid_66690649","1246 NW 120th Way, Gainesville, FL",2017-03-03,177000,3,2,1559
"zpid_42708837","4611 NW 30th St, Gainesville, FL",2017-03-03,168000,4,2,1552
"zpid_2095502946","3314 SW 94th Dr, Gainesville, FL",2017-03-03,373000,4,3,2333
"zpid_42723474","5801 SW 89th Dr, Gainesville, FL",2017-03-03,424000,5,4,3156
"zpid_58880656","4000 SW 23rd St # 3-202, Gainesville, FL",2017-03-03,122000,4,4,1177
"zpid_42703162","5814 NW 32nd St, Gainesville, FL",2017-03-03,169500,4,3,1864
"zpid_42714028","830 NW 42nd Ter, Gainesville, FL",2017-03-03,129500,2,2,1100
"zpid_2096125706","8263 NW 53rd St, Gainesville, FL",2017-03-02,237969,3,2,1876
"zpid_42703262","6329 NW 31st Ter, Gainesville, FL",2017-03-02,140000,3,2,1378
"zpid_42729757","3309 NW 18th St, Gainesville, FL",2017-03-02,129500,3,2,1085
"zpid_42711032","3214 NW 53rd Dr, Gainesville, FL",2017-03-02,191000,3,2,1472
"zpid_42730875","2061 NW 14th Ave, Gainesville, FL",2017-03-02,325200,4,3,2550
"zpid_42717863","119 SW 75th Ter, Gainesville, FL",2017-03-02,153000,3,2,1330
"zpid_82039880","11950 NW 14th Rd, Gainesville, FL",2017-03-02,215000,4,2,2864
"zpid_42729897","3433 NW 22nd Ter, Gainesville, FL",2017-03-01,149900,4,2,1215
"zpid_42696876","10901 NW 36th Pl, Gainesville, FL",2017-03-01,171000,3,2,1566
"zpid_42703950","5609 NW 34th St, Gainesville, FL",2017-03-01,226300,4,3,1857
"zpid_42703635","5806 NW 29th St, Gainesville, FL",2017-03-01,140000,3,2,1878
"zpid_58882990","1125 SW 75th Way, Gainesville, FL",2017-03-01,152000,3,2,1417
"zpid_103026412","3305 SW 5TH Ct, Gainesville, FL",2017-03-01,75000,4,3,2902
"zpid_58880369","9764 SW 52nd Rd, Gainesville, FL",2017-03-01,85000,2,2.5,1400
"zpid_42724300","2223 SW 41st Ln, Gainesville, FL",2017-03-01,175000,3,2,1400
"zpid_42722356","9844 SW 34th Rd, Gainesville, FL",2017-03-01,235000,3,2,1818
"zpid_2094712588","8250 Nw 53rd Terrace, Gainesville, FL",2017-02-28,236760,4,3,1974
"zpid_42704752","3737 NW 58th Pl, Gainesville, FL",2017-02-28,127900,3,3,1750
"zpid_42730542","1654 NW 14th Ave, Gainesville, FL",2017-02-28,274900,3,2,1828
"zpid_42702249","8620 NW 13th St LOT 130, Gainesville, FL",2017-02-28,124900,2,2,1176
"zpid_42703370","6706 NW 30th Ter, Gainesville, FL",2017-02-28,130000,3,2,1040
"zpid_42711046","5325 NW 30th Ln, Gainesville, FL",2017-02-28,165000,3,2,1890
"zpid_42715720","319 NW 25th St, Gainesville, FL",2017-02-28,241900,5,3,2100
"zpid_42710934","4634 NW 30th Ave, Gainesville, FL",2017-02-28,123000,2,2,1072
"zpid_42702410","8620 NW 13th St LOT 444, Gainesville, FL",2017-02-28,107500,2,2,864
"zpid_58882591","10538 NW 14th Pl, Gainesville, FL",2017-02-28,225000,4,2,2137
"zpid_58882094","6801 Millhopper Rd, Gainesville, FL",2017-02-28,110000,3,2.5,1774
"zpid_58881294","3018 NW 28th Cir, Gainesville, FL",2017-02-28,83000,3,2,1385
"zpid_42727162","4232 NW 22nd Ter, Gainesville, FL",2017-02-28,78000,3,1,1688
"zpid_103022991","5437 NW 81st Ave, Gainesville, FL",2017-02-27,280000,5,4,2736
"zpid_58881029","2552 SW 14th Dr, Gainesville, FL",2017-02-27,130000,3,2,2242
"zpid_42714474","3831 NW 17th Ave, Gainesville, FL",2017-02-27,120000,3,1,1189
"zpid_42721181","5021 SW 94th St, Gainesville, FL",2017-02-27,166000,2,2,1199
"zpid_42710971","4517 NW 29th Ave, Gainesville, FL",2017-02-24,121000,3,2,1152
"zpid_87623991","4624 NW 82nd Rd, Gainesville, FL",2017-02-24,252500,4,2,2225
"zpid_66694394","4304 SW 69th Ter, Gainesville, FL",2017-02-24,65000,2,2,1144
"zpid_58880448","3111 SW 98th Dr, Gainesville, FL",2017-02-24,287000,4,3,2293
"zpid_42716369","531 NW 34th St, Gainesville, FL",2017-02-23,130000,3,2,1240
"zpid_42727026","4321 NW 20th St, Gainesville, FL",2017-02-23,120000,3,2,1202
"zpid_42704369","3416 NW 61st Pl, Gainesville, FL",2017-02-23,172800,3,2,1970
"zpid_42718922","1108 SW 82nd Ter, Gainesville, FL",2017-02-23,231500,4,2,1908
"zpid_87625912","1806 NW 100th Way, Gainesville, FL",2017-02-23,280714,3,2,2295
"zpid_70607583","4935 NW 20th Ter, Gainesville, FL",2017-02-23,166000,3,2,1724
"zpid_42722205","5133 SW 103rd Way, Gainesville, FL",2017-02-23,192000,3,2,1270
"zpid_58879798","5021 SW 10th Ln, Gainesville, FL",2017-02-23,8350,2,2,1250
"zpid_42735403","1016 SW 6th Ave, Gainesville, FL",2017-02-23,685000,5,3,2378
"zpid_42735402","1025 SW 5th Ave, Gainesville, FL",2017-02-23,760000,3,2,1556
"zpid_42709671","3412 NW 26th Ter, Gainesville, FL",2017-02-22,345000,4,2,2065
"zpid_42696830","3716 NW 108th Blvd, Gainesville, FL",2017-02-22,154000,3,2,1224
"zpid_42720846","4930 SW 83rd Ter, Gainesville, FL",2017-02-22,219000,3,2,1476
"zpid_42707978","4801 NW 28th St, Gainesville, FL",2017-02-22,120700,3,2,1206
"zpid_42722098","4434 SW 91st Dr, Gainesville, FL",2017-02-22,290000,3,3,2980
"zpid_42703783","6025 NW 29th Ter, Gainesville, FL",2017-02-22,142500,3,2,1222
"zpid_42718622","7812 SW 13th Rd, Gainesville, FL",2017-02-22,101500,3,2,1438
"zpid_42708651","5007 NW 29th St, Gainesville, FL",2017-02-22,120000,3,1,1008
"zpid_42706825","3451 NW 52nd Ave, Gainesville, FL",2017-02-22,178000,3,2,1321
"zpid_42736603","2049 NW 7th Ln, Gainesville, FL",2017-02-22,3e+05,3,2.5,2935
"zpid_42703732","6121 NW 27th Ter, Gainesville, FL",2017-02-22,60100,3,2,1572
"zpid_42736553","2208 NW 7th Ln, Gainesville, FL",2017-02-21,420000,3,3,2821
"zpid_42711158","4919 NW 31st Pl, Gainesville, FL",2017-02-21,113000,4,2,1965
"zpid_42729986","1923 NW 23rd Blvd APT 103, Gainesville, FL",2017-02-21,51550,1,1,705
"zpid_42706781","3623 NW 53rd Ave, Gainesville, FL",2017-02-21,136000,2,2,1416
"zpid_42722346","3632 SW 98th Blvd, Gainesville, FL",2017-02-21,241300,3,2,1546
"zpid_42728801","453 NW 37th Pl, Gainesville, FL",2017-02-21,136500,3,2,2007
"zpid_42705923","4147 NW 75th St, Gainesville, FL",2017-02-21,160000,3,2,2102
"zpid_42730581","1643 NW 14th Ave, Gainesville, FL",2017-02-20,288000,3,2,2500
"zpid_42712978","1720 NW 68th Ter, Gainesville, FL",2017-02-20,289000,5,3,3529
"zpid_42704206","5434 NW 35th Dr, Gainesville, FL",2017-02-20,162000,3,2,1367
"zpid_58882267","2502 NW 49th Ave, Gainesville, FL",2017-02-20,168000,3,2,1486
"zpid_42720871","5326 SW 83rd Ter, Gainesville, FL",2017-02-20,171000,3,2,1454
"zpid_42729574","2047 NW 34th Ave, Gainesville, FL",2017-02-20,112500,3,1,1100
"zpid_42722164","5149 SW 103rd Dr, Gainesville, FL",2017-02-20,220000,3,2,1858
"zpid_42703323","6706 NW 26th Ter, Gainesville, FL",2017-02-20,73500,3,2,1540
"zpid_87621297","1961 SW 65th Dr, Gainesville, FL",2017-02-17,237000,4,2,2233
"zpid_42706008","6006 NW 47th Pl, Gainesville, FL",2017-02-17,441000,4,4,3466
"zpid_42703600","5902 NW 27th Ter, Gainesville, FL",2017-02-17,169900,4,2,1676
"zpid_42709734","3480 NW 37th St, Gainesville, FL",2017-02-17,93200,4,3,2071
"zpid_58257087","9439 SW 29th Ln, Gainesville, FL",2017-02-17,292000,3,2,2158
"zpid_42711022","3207 NW 53rd Dr, Gainesville, FL",2017-02-17,194300,3,2,1968
"zpid_42727669","4117 NW 12th St, Gainesville, FL",2017-02-17,69900,2,1,889
"zpid_103020127","7688 SW 25th Ave, Gainesville, FL",2017-02-17,705000,2,2,1455
"zpid_42721962","5040 SW 88th Ter, Gainesville, FL",2017-02-17,259500,3,3,1656
"zpid_42710347","3506 NW 53rd Ter, Gainesville, FL",2017-02-17,441000,3,2,1426
"zpid_42708006","3921 NW 23rd Dr, Gainesville, FL",2017-02-16,165000,3,2,1299
"zpid_42730582","1653 NW 14th Ave, Gainesville, FL",2017-02-16,260000,4,3,2624
"zpid_2095262594","10348 SW 27th Pl, Gainesville, FL",2017-02-15,701320,4,4,3477
"zpid_2095367310","10373 SW 26th Pl, Gainesville, FL",2017-02-15,614671,4,4,3225
"zpid_42707536","2338 NW 44th Pl, Gainesville, FL",2017-02-15,143464,3,2,1769
"zpid_42711044","5336 NW 30th Ln, Gainesville, FL",2017-02-15,121600,3,2,1570
"zpid_42727087","4245 NW 20th Ter, Gainesville, FL",2017-02-14,142000,3,2,1318
"zpid_42724728","1908 SW Williston Rd, Gainesville, FL",2017-02-14,80000,2,1,975
"zpid_103026651","4107 NW 26th Ter, Gainesville, FL",2017-02-13,309000,4,3,2594
"zpid_58880003","4415 SW 20th Ln, Gainesville, FL",2017-02-13,84300,3,2,1361
"zpid_42710897","4713 NW 32nd Ave, Gainesville, FL",2017-02-13,170000,3,2,1529
"zpid_42706048","5113 NW 59th Ter, Gainesville, FL",2017-02-10,345000,4,3,2163
"zpid_42712818","1024 NW 90th Dr, Gainesville, FL",2017-02-10,177000,3,2,1516
"zpid_42731523","1614 NW 4th St, Gainesville, FL",2017-02-10,15000,4,3,1932
"zpid_42713969","4020 NW 8th Ave, Gainesville, FL",2017-02-09,1e+05,3,2,1577
"zpid_42719073","1312 SW 61st St, Gainesville, FL",2017-02-09,32000,2,2.5,1110
"zpid_42703156","6007 NW 32nd St, Gainesville, FL",2017-02-08,165000,3,2,1589
"zpid_42715646","321 NW 23rd St, Gainesville, FL",2017-02-08,525000,5,5,4400
"zpid_118489575","9912 NW 16th Rd, Gainesville, FL",2017-02-08,367042,4,4,2763
"zpid_42718861","1020 SW 80th Ter, Gainesville, FL",2017-02-08,185000,3,2,1526
"zpid_103035322","9927 NW 18th Rd, Gainesville, FL",2017-02-07,22200,3,2,1584
"zpid_42715464","2810 NW 10th Pl, Gainesville, FL",2017-02-07,518000,4,5,4121
"zpid_42715937","727 SW 27th St, Gainesville, FL",2017-02-07,675000,4,3,3936
"zpid_42713259","2110 NW 58th Ter, Gainesville, FL",2017-02-07,170000,3,2,1964
"zpid_42717128","611 NW 53rd Ter, Gainesville, FL",2017-02-07,155000,3,2,1663
"zpid_42722275","3933 SW 97th St, Gainesville, FL",2017-02-06,315000,3,2,2118
"zpid_42727732","4323 NW 12th Ter, Gainesville, FL",2017-02-06,83900,3,2,1252
"zpid_42696938","10904 NW 33rd Pl, Gainesville, FL",2017-02-06,183700,3,2,1478
"zpid_42719321","7011 SW 21st Ln, Gainesville, FL",2017-02-06,25000,2,2,742
"zpid_42718272","10005 SW 15th Pl, Gainesville, FL",2017-02-06,67700,3,3,2020
"zpid_42727717","1217 NW 45th Ave, Gainesville, FL",2017-02-03,20900,3,1,1080
"zpid_2096039246","9518 SW 9th Pl, Gainesville, FL",2017-02-03,269900,3,2,3462
"zpid_42719742","2225 SW 47th St, Gainesville, FL",2017-02-03,253000,2,1,800
"zpid_42727029","4407 NW 20th St, Gainesville, FL",2017-02-02,153000,3,2,1452
"zpid_42710103","2530 NW 34th Ter, Gainesville, FL",2017-02-02,23000,3,2,2112
"zpid_42703620","5730 NW 28th Ter, Gainesville, FL",2017-02-01,145000,3,2,1267
"zpid_42712059","10434 NW 35th Pl, Gainesville, FL",2017-02-01,181250,3,3,1616
"zpid_103026348","7905 NW 45th St, Gainesville, FL",2017-02-01,302500,3,3,2352
"zpid_42706631","4614 NW 53rd St, Gainesville, FL",2017-02-01,438000,5,3,3318
"zpid_66690105","8714 SW 38th Ave, Gainesville, FL",2017-02-01,55000,4,3.5,3373
"zpid_54478019","1118 NW 106th St, Gainesville, FL",2017-02-01,270000,4,3,2469
"zpid_99339926","8211 NW 51st St, Gainesville, FL",2017-02-01,205000,4,2,1711
"zpid_42709100","2521 NW 26th Pl, Gainesville, FL",2017-01-31,587000,4,5,3825
"zpid_42736530","507 NW 19th St, Gainesville, FL",2017-01-31,234500,4,2,1857
"zpid_81790250","910 NW 17th Ave, Gainesville, FL",2017-01-31,262000,4,3,2366
"zpid_103011439","2053 NW 76th Pl, Gainesville, FL",2017-01-31,167500,4,2,1567
"zpid_42707044","4519 NW 35th Ter, Gainesville, FL",2017-01-31,170000,3,2,1535
"zpid_42706208","6119 NW 43rd Ave, Gainesville, FL",2017-01-31,209000,4,2,1845
"zpid_103030252","1277 NW 118th St, Gainesville, FL",2017-01-30,246000,4,2,2450
"zpid_60222712","9366 NW 26th Ave, Gainesville, FL",2017-01-30,279000,4,3,2496
"zpid_42705117","5231 NW 54th Ct, Gainesville, FL",2017-01-30,208000,3,2,2012
"zpid_42704074","3663 NW 67th Ave, Gainesville, FL",2017-01-27,197600,3,2,1607
"zpid_42706821","3527 NW 52nd Ave, Gainesville, FL",2017-01-27,185500,3,2,1920
"zpid_42708820","2836 NW 45th Ave, Gainesville, FL",2017-01-27,187000,3,2,1752
"zpid_58879966","4311 SW 21st Ln, Gainesville, FL",2017-01-27,84000,2,2,1208
"zpid_42711047","5315 NW 30th Ln, Gainesville, FL",2017-01-26,163000,4,2,1552
"zpid_42716328","537 NW 35th Ter, Gainesville, FL",2017-01-26,152500,3,2,1600
"zpid_42716562","3637 NW 7th Pl, Gainesville, FL",2017-01-25,170000,3,2,1713
"zpid_42708139","2518 NW 51st Pl, Gainesville, FL",2017-01-25,132000,2,2,1196
"zpid_103031255","1707 SW 66th Dr, Gainesville, FL",2017-01-25,235043,3,2,1825
"zpid_66691246","4732 NW 80th Rd, Gainesville, FL",2017-01-25,172000,3,2,1545
"zpid_42717753","214 SW 80th Blvd, Gainesville, FL",2017-01-25,305000,4,3,2685
"zpid_42721099","8431 SW 46th Ln, Gainesville, FL",2017-01-25,163000,2,3,1215
"zpid_118487085","1557 NW 100th Dr, Gainesville, FL",2017-01-25,395000,4,4,2932
"zpid_118490435","9919 NW 17th Rd, Gainesville, FL",2017-01-25,371900,4,4,2763
"zpid_42731267","1008 NW 8th St, Gainesville, FL",2017-01-25,68985,3,2,1288
"zpid_42707340","4721 NW 39th Ter, Gainesville, FL",2017-01-25,180000,4,2,2100
"zpid_42704379","3437 NW 61st Pl, Gainesville, FL",2017-01-24,228000,4,2,2186
"zpid_42730045","2833 NW 21st Ter, Gainesville, FL",2017-01-24,164900,4,2,1508
"zpid_42731257","1005 NW 10th St, Gainesville, FL",2017-01-24,79900,2,2,1110
"zpid_42721001","5105 SW 86th Ter, Gainesville, FL",2017-01-24,73000,2,1,986
"zpid_42711777","7821 NW 35th Pl, Gainesville, FL",2017-01-24,240000,4,2.5,2174
"zpid_42710413","3609 NW 40th Ter, Gainesville, FL",2017-01-24,187500,4,2,1853
"zpid_42717192","631 NW 58th St, Gainesville, FL",2017-01-23,170000,4,3,2387
"zpid_42714721","1029 NW 36th Ter, Gainesville, FL",2017-01-23,170000,4,2,1725
"zpid_42736547","2255 NW 5th Pl, Gainesville, FL",2017-01-23,363000,3,2,2260
"zpid_42721432","4712 SW 76th Ter, Gainesville, FL",2017-01-23,85000,3,3,1758
"zpid_42711262","5328 NW 24th Pl, Gainesville, FL",2017-01-23,1e+05,3,2,1288
"zpid_42696990","10942 NW 32nd Ave, Gainesville, FL",2017-01-20,180000,3,2,2269
"zpid_42714856","1805 NW 36th Ter, Gainesville, FL",2017-01-20,180000,4,2,1984
"zpid_42717734","8427 SW 1st Ave, Gainesville, FL",2017-01-20,181000,3,2,1794
"zpid_42713840","1409 NW 48th Ter, Gainesville, FL",2017-01-20,310000,4,3,3001
"zpid_42719699","7620 SW 19th Pl, Gainesville, FL",2017-01-20,185500,3,2,1641
"zpid_42709128","2336 NW 27th Ln, Gainesville, FL",2017-01-20,280000,4,2,2283
"zpid_103035712","4858 NW 81st Ave, Gainesville, FL",2017-01-20,220000,4,3,1991
"zpid_42715824","415 NW 27th St, Gainesville, FL",2017-01-19,180000,3,2,1346
"zpid_42705403","5412 NW 45th Dr, Gainesville, FL",2017-01-19,139082,4,2,2463
"zpid_42717164","5111 NW 4th Pl, Gainesville, FL",2017-01-19,208000,4,3,1930
"zpid_42722032","9335 SW 46th Pl, Gainesville, FL",2017-01-19,605000,4,4,3699
"zpid_89738475","11234 NW 18th Rd, Gainesville, FL",2017-01-18,330000,4,3,3000
"zpid_58882599","10644 NW 9th Rd, Gainesville, FL",2017-01-18,215000,3,2,2044
"zpid_42702316","8620 NW 13th St LOT 200, Gainesville, FL",2017-01-18,105000,2,2,1152
"zpid_42718340","9518 SW 9th Pl, Gainesville, FL",2017-01-18,260000,3,2,2130
"zpid_42719180","7204 SW 17th Pl, Gainesville, FL",2017-01-17,140000,3,2,1692
"zpid_42722144","9118 SW 49th Pl, Gainesville, FL",2017-01-17,287000,4,4,2522
"zpid_42703692","5803 NW 26th St, Gainesville, FL",2017-01-17,135000,3,2,1548
"zpid_42726871","4340 NW 21st Ter, Gainesville, FL",2017-01-17,158000,3,2,1275
"zpid_103022801","4850 NW 81st Ave, Gainesville, FL",2017-01-17,81142,4,2,1937
"zpid_60067992","2175 NW 88th St, Gainesville, FL",2017-01-17,110000,3,2,1334
"zpid_42702855","6910 NW 49th Ter, Gainesville, FL",2017-01-17,318000,4,3,2476
"zpid_103031604","8205 NW 54th Ter, Gainesville, FL",2017-01-17,204500,3,2,1697
"zpid_42736894","1100 SW 19th Pl, Gainesville, FL",2017-01-17,122000,3,2,1444
"zpid_42708800","4716 NW 28th St, Gainesville, FL",2017-01-17,23500,3,2,1458
"zpid_103029230","3886 SW 105th St, Gainesville, FL",2017-01-13,754000,4,3,3582
"zpid_42707424","4096 NW 37th Ter, Gainesville, FL",2017-01-12,330000,4,3,2652
"zpid_42736892","1010 SW 19th Pl, Gainesville, FL",2017-01-12,145000,3,2,1236
"zpid_42707468","4148 NW 35th St, Gainesville, FL",2017-01-12,180000,3,2.5,1882
"zpid_42718649","8130 SW 12th Pl, Gainesville, FL",2017-01-11,112000,3,2,1205
"zpid_42717626","10 NW 88th Ter, Gainesville, FL",2017-01-11,350000,4,3,2860
"zpid_42714488","3854 NW 15th Ave, Gainesville, FL",2017-01-11,114900,3,1,912
"zpid_42713080","1240 NW 55th St, Gainesville, FL",2017-01-11,75000,3,2,1040
"zpid_42722107","5063 SW 91st Dr, Gainesville, FL",2017-01-10,399900,4,4,2781
"zpid_42704472","6002 NW 37th Dr, Gainesville, FL",2017-01-10,157000,3,2,1338
"zpid_42707118","3721 NW 43rd Pl, Gainesville, FL",2017-01-10,199900,3,2,1751
"zpid_82051707","3425 SW 74th Way, Gainesville, FL",2017-01-10,93000,3,2,1965
"zpid_42714937","1907 NW 37th Blvd, Gainesville, FL",2017-01-10,60000,3,2,1291
"zpid_42721067","4535 SW 84th Dr, Gainesville, FL",2017-01-09,178000,3,2,1258
"zpid_70607371","2927 SW 91st Ter, Gainesville, FL",2017-01-09,315000,4,3,2326
"zpid_42713979","1007 NW 42nd Dr, Gainesville, FL",2017-01-09,23000,4,3,1759
"zpid_51175080","11914 NW 10th Rd, Gainesville, FL",2017-01-09,238000,4,2,1877
"zpid_42720184","3721 SW 84th St, Gainesville, FL",2017-01-09,363000,4,3,2966
"zpid_42722403","3616 SW 97th Way, Gainesville, FL",2017-01-09,342857,3,3,2396
"zpid_42721403","8627 SW 42nd Pl, Gainesville, FL",2017-01-09,620000,4,4,3824
"zpid_103036833","12059 SW 2nd Rd, Gainesville, FL",2017-01-09,369000,4,3,2715
"zpid_42730256","1659 NW 19th Cir, Gainesville, FL",2017-01-09,175000,3,3,2207
"zpid_103022206","13555 NW 5th Ln, Newberry, FL",2017-01-09,320000,4,2,1987
"zpid_42714176","4027 NW 18th Pl, Gainesville, FL",2017-01-09,104000,3,2,1196
"zpid_42715591","1226 NW 23rd Ter, Gainesville, FL",2017-01-06,390000,4,3,3114
"zpid_42712807","1501 NW 89th Ter, Gainesville, FL",2017-01-06,132000,3,2,1588
"zpid_66691447","1479 SW 84th Ter, Gainesville, FL",2017-01-05,320000,3,2,2272
"zpid_42696913","10929 NW 35th Pl, Gainesville, FL",2017-01-05,179900,2,2,2126
"zpid_103018608","5069 NW 22nd St, Gainesville, FL",2017-01-05,165400,2,2,1139
"zpid_42718083","528 NW 98th St, Gainesville, FL",2017-01-04,174000,3,2,1425
"zpid_58882367","2824 NW 39th Ter, Gainesville, FL",2017-01-04,133000,2,2,1340
"zpid_42724759","3825 SW 19th St, Gainesville, FL",2017-01-03,225000,4,2,2352
"zpid_42697566","1001 NW 122nd Ter, Newberry, FL",2017-01-03,162000,3,2,1563
"zpid_42735800","120 NW 10th St, Gainesville, FL",2017-01-03,128800,4,2,1870
"zpid_42727485","4110 NW 19th St, Gainesville, FL",2017-01-03,80714,3,1,1176
"zpid_42706105","4414 NW 61st Ter, Gainesville, FL",2017-01-03,245000,4,3,2119
"zpid_42707823","4313 NW 27th Ter, Gainesville, FL",2017-01-03,120000,3,2,1476
"zpid_42735628","109 NW 10th St, Gainesville, FL",2017-01-03,110000,3,1,1332
"zpid_58879750","902 SW 51st Way, Gainesville, FL",2017-01-03,131000,3,2,1684
"zpid_66691309","3833 NW 26th Ter, Gainesville, FL",2017-01-03,145000,3,2,1409
"zpid_42730664","1416 NW 12th Rd, Gainesville, FL",2017-01-03,165400,3,2,1909
"zpid_2095823798","13638 12th Place, Newberry, FL",2017-01-02,322378,4,3,1982
"zpid_2095823742","13661 10th Place, Newberry, FL",2017-01-02,545198,4,4,3400
"zpid_42721893","4236 SW 104th Ter, Gainesville, FL",2016-12-30,760000,4,4,3668
"zpid_42705400","5310 NW 45th Dr, Gainesville, FL",2016-12-30,255000,4,2,2261
"zpid_42708125","2518 NW 52nd Ave, Gainesville, FL",2016-12-30,151500,3,2,1171
"zpid_66690120","3853 SW 91st Dr, Gainesville, FL",2016-12-30,320000,4,3,2576
"zpid_42721000","5107 SW 86th Ter, Gainesville, FL",2016-12-30,144500,3,2,1320
"zpid_42703269","6512 NW 31st Ter, Gainesville, FL",2016-12-30,159900,3,2,1418
"zpid_42721213","5433 SW 91st Ter, Gainesville, FL",2016-12-30,222500,3,2,2111
"zpid_42713881","4811 NW 13th Ave, Gainesville, FL",2016-12-30,230000,4,3,2589
"zpid_42711942","10559 NW 32nd Rd, Gainesville, FL",2016-12-30,225000,4,2,2040
"zpid_42703138","2817 NW 54th Ave, Gainesville, FL",2016-12-29,140000,3,2,1252
"zpid_42731035","2126 NW 6th St, Gainesville, FL",2016-12-29,110000,3,1,884
"zpid_66688681","939 SW 83rd Ter, Gainesville, FL",2016-12-29,275000,3,2,2022
"zpid_42702588","7606 NW 53rd Way, Gainesville, FL",2016-12-29,350000,5,3,3109
"zpid_66689993","11545 NW 18th Pl, Gainesville, FL",2016-12-29,175000,3,3,1736
"zpid_42730467","1620 NW 22nd St, Gainesville, FL",2016-12-29,230000,3,3,2607
"zpid_42705399","5321 NW 45th Dr, Gainesville, FL",2016-12-29,250000,3,3,2220
"zpid_70606704","14203 NW 29th Ave, Gainesville, FL",2016-12-29,325000,4,4,2678
"zpid_42708480","2919 NW 43rd Ave, Gainesville, FL",2016-12-29,125000,2,2,960
"zpid_58536009","8206 SW 51st Rd, Gainesville, FL",2016-12-29,225000,4,2,2178
"zpid_42708176","2742 NW 52nd Pl, Gainesville, FL",2016-12-29,149900,3,2,1332
"zpid_42715236","1933 NW 24th St, Gainesville, FL",2016-12-28,423000,4,3,3186
"zpid_42712319","9220 NW 11th Pl, Gainesville, FL",2016-12-28,232000,4,3,2487
"zpid_81780559","2601 SW Archer Rd # F322, Gainesville, FL",2016-12-28,108500,4,2,1177
"zpid_42710089","2425 NW 38th St, Gainesville, FL",2016-12-28,260000,4,3,2426
"zpid_42715363","1511 NW 31st St, Gainesville, FL",2016-12-28,192000,3,2,1635
"zpid_42720358","10015 SW 35th Pl, Gainesville, FL",2016-12-27,250000,3,2,1860
"zpid_42720683","5326 SW 80th Ter, Gainesville, FL",2016-12-27,133000,3,2,1315
"zpid_42704338","3409 NW 62nd Pl, Gainesville, FL",2016-12-27,217500,3,2,1740
"zpid_42702692","7535 NW 47th Way, Gainesville, FL",2016-12-27,80000,2,2,1207
"zpid_42703328","6613 NW 27th St, Gainesville, FL",2016-12-27,137000,3,2,1104
"zpid_42708092","2631 NW 45th Pl, Gainesville, FL",2016-12-23,114010,2,2,1080
"zpid_42729398","1017 NW 31st Ave, Gainesville, FL",2016-12-22,135000,2,2,1328
"zpid_42721632","9924 SW 52nd Rd, Gainesville, FL",2016-12-22,234000,3,2,1650
"zpid_42714136","1835 NW 40th Ter, Gainesville, FL",2016-12-22,140000,3,2,1267
"zpid_42729880","2236 NW 37th Pl, Gainesville, FL",2016-12-22,186000,4,3,1986
"zpid_42722085","4126 SW 96th Dr, Gainesville, FL",2016-12-22,508000,4,3,3162
"zpid_42722348","3612 SW 98th Blvd, Gainesville, FL",2016-12-22,230000,3,2,1620
"zpid_42711835","3616 NW 77th Ter, Gainesville, FL",2016-12-22,249900,3,3,2343
"zpid_42721637","9948 SW 52nd Rd, Gainesville, FL",2016-12-22,305000,3,2,2134
"zpid_42722799","4609 SW 67th Ter, Gainesville, FL",2016-12-22,56000,2,2,1251
"zpid_42702362","8620 NW 13th St LOT 396, Gainesville, FL",2016-12-22,76000,2,2,1056
"zpid_42710078","2716 NW 37th Ter, Gainesville, FL",2016-12-22,179900,3,2,1894
"zpid_42723478","5730 SW 89th Dr, Gainesville, FL",2016-12-22,380000,4,4,3055
"zpid_2102743573","4126 Sw 96th Drive, Gainesville, FL",2016-12-21,509000,4,3,3200
"zpid_2099711157","8255 NW 53rd Ter, Gainesville, FL",2016-12-21,289900,4,4,2431
"zpid_103029053","2717 NW 143rd Way, Newberry, FL",2016-12-21,270000,3,2,1919
"zpid_42702671","4708 NW 77th Rd, Gainesville, FL",2016-12-21,99000,3,2,1380
"zpid_42697564","953 NW 122nd Ter, Newberry, FL",2016-12-21,184000,3,2,1535
"zpid_70606396","2216 NW 49th Ave, Gainesville, FL",2016-12-21,189900,3,2,1706
"zpid_42727183","2198 NW 42nd Ave, Gainesville, FL",2016-12-21,91200,3,2,1043
"zpid_89738674","7695 SW 25th Ave, Gainesville, FL",2016-12-21,219900,3,2,1455
"zpid_42713887","4611 NW 13th Ave, Gainesville, FL",2016-12-21,318000,5,3,3044
"zpid_42696462","6408 NW 124th St, Gainesville, FL",2016-12-21,337000,3,3,2910
"zpid_42730761","1832 NW 10th Ave, Gainesville, FL",2016-12-21,272500,4,3,2221
"zpid_82040495","12220 NW 7th Ln, Newberry, FL",2016-12-21,217000,3,2,1608
"zpid_42727062","4308 NW 20th Dr, Gainesville, FL",2016-12-21,120000,3,2,1104
"zpid_42707896","2648 NW 42nd Pl, Gainesville, FL",2016-12-21,125500,3,2,1356
"zpid_42703909","6517 NW 29th Ter, Gainesville, FL",2016-12-21,123000,2,2,1100
"zpid_42729912","3433 NW 22nd Dr, Gainesville, FL",2016-12-21,138000,3,2,1105
"zpid_66691176","1128 NW 120th Way, Gainesville, FL",2016-12-21,173700,3,2,1345
"zpid_42730549","1502 NW 17th St, Gainesville, FL",2016-12-21,225000,3,2,1593
"zpid_42721349","8808 SW 44th Ln, Gainesville, FL",2016-12-20,298000,3,3,2202
"zpid_42716518","3715 NW 7th Pl, Gainesville, FL",2016-12-20,103754,3,2,1400
"zpid_42722213","10501 SW 52nd Ave, Gainesville, FL",2016-12-19,420000,3,3,2582
"zpid_42722121","5008 SW 91st Dr, Gainesville, FL",2016-12-19,220000,3,3,1637
"zpid_42702941","2345 NW 54th Blvd, Gainesville, FL",2016-12-19,109250,3,2,1112
"zpid_42736699","2104 SW 14th St, Gainesville, FL",2016-12-19,90000,2,1,864
"zpid_42730836","2222 NW 8th Ave, Gainesville, FL",2016-12-19,253000,3,2,2176
"zpid_42728792","3221 NW 6th St, Gainesville, FL",2016-12-19,283000,5,4,3289
"zpid_42703770","6008 NW 29th St, Gainesville, FL",2016-12-19,122000,3,2,1202
"zpid_42705076","3912 NW 65th Ave, Gainesville, FL",2016-12-19,222000,4,2,1975
"zpid_42708402","4302 NW 32nd St, Gainesville, FL",2016-12-19,126500,3,2,1260
"zpid_42703832","6329 NW 26th Ter, Gainesville, FL",2016-12-19,125000,3,2,1066
"zpid_42710757","3308 NW 54th Ter, Gainesville, FL",2016-12-19,96700,3,2,1193
"zpid_42711941","10549 NW 32nd Rd, Gainesville, FL",2016-12-19,60000,3,2,1779
"zpid_42729682","1500 NW 34th Pl, Gainesville, FL",2016-12-19,1e+05,3,2,1100
"zpid_42722368","9516 SW 35th Ln, Gainesville, FL",2016-12-19,316000,4,3,2185
"zpid_82045186","1625 SW 108th St, Gainesville, FL",2016-12-16,6e+05,4,4,3455
"zpid_42703722","6008 NW 27th St, Gainesville, FL",2016-12-16,129000,4,2,1352
"zpid_42703027","6602 NW 33rd St, Gainesville, FL",2016-12-16,162500,3,2,1494
"zpid_42706956","4724 NW 36th St, Gainesville, FL",2016-12-16,116000,3,2,1696
"zpid_42721196","5108 SW 94th St, Gainesville, FL",2016-12-16,143000,2,2,1207
"zpid_42715436","1401 NW 28th St, Gainesville, FL",2016-12-16,275000,4,3,2127
"zpid_42721958","5020 SW 88th Ter, Gainesville, FL",2016-12-16,235000,3,2,1592
"zpid_42707611","4702 NW 23rd Ter, Gainesville, FL",2016-12-16,60000,4,2,1794
"zpid_42705810","5629 NW 97th St, Gainesville, FL",2016-12-16,232000,4,2,2542
